ID,論点名（20字以内）,種別,親論点,安全性,安定供給,経済効率性,環境適合,問い（〜か）,状態,作成者,作成日,備考
root,豊かで平和な生活,目的,,,,,,私たちはどのような社会を目指すのか,案,吉永,2026-09-13,計画書 v0.4 のシード案。エネルギー基本計画に照らして確認する
energy,エネルギー,テーマ,豊かで平和な生活,,,,,どのようなエネルギー供給と利用の姿を目指すか,案,吉永,2026-09-13,
food,食料,テーマ,豊かで平和な生活,,,,,（骨組みのみ）,案,吉永,2026-09-13,
security,安全保障,テーマ,豊かで平和な生活,,,,,（骨組みのみ）,案,吉永,2026-09-13,
3es,3E+S,評価軸,エネルギー,,,,,安全性を前提に 3 つの E をどう両立するか,案,吉永,2026-09-13,
s,安全性,評価軸,3E+S,,,,,許容できるリスク水準をどう決めるか,案,吉永,2026-09-13,
sec,安定供給,評価軸,3E+S,,,,,自給率と調達の多様化をどう確保するか,案,吉永,2026-09-13,
eco,経済効率性,評価軸,3E+S,,,,,国民負担と産業競争力をどう見るか,案,吉永,2026-09-13,
env,環境適合,評価軸,3E+S,,,,,脱炭素目標と整合するか,案,吉永,2026-09-13,
intl,国際情勢,外部環境,エネルギー,,,,,外部環境の前提をどう置くか,案,吉永,2026-09-13,
intl.price,資源価格,外部環境,国際情勢,,,,,化石燃料価格の変動をどう織り込むか,案,吉永,2026-09-13,
intl.geo,地政学,外部環境,国際情勢,,,,,調達先の集中リスクをどう見るか,案,吉永,2026-09-13,
dom,国内情勢,外部環境,エネルギー,,,,,国内の前提をどう置くか,案,吉永,2026-09-13,
dom.pop,人口・産業構造,外部環境,国内情勢,,,,,需要はどう変化するか,案,吉永,2026-09-13,
dom.opinion,世論・財政,外部環境,国内情勢,,,,,支持と負担の受容はどこまでか,案,吉永,2026-09-13,
src,電源・技術,対象,エネルギー,,,,,どの電源の組み合わせを選ぶか,案,吉永,2026-09-13,
nuc,原子力,対象,電源・技術,,,,,原子力をどう位置づけるか,案,吉永,2026-09-13,
nuc.reg,安全規制・防災,問い,原子力,○,,,,規制と避難計画の実効性をどう担保するか,案,吉永,2026-09-13,
nuc.restart,再稼働・運転期間,問い,原子力,○,○,○,,既設炉の再稼働と長期運転をどう判断するか,案,吉永,2026-09-13,
nuc.new,新増設・次世代炉,問い,原子力,,○,○,○,新増設や次世代炉に投資するか,案,吉永,2026-09-13,
nuc.backend,放射性廃棄物,問い,原子力,,,○,○,高レベル放射性廃棄物の最終処分をどう進めるか,案,吉永,2026-09-13,
nuc.cycle,核燃料サイクル,問い,原子力,,○,○,,再処理路線を維持するか見直すか,案,吉永,2026-09-13,
nuc.site,立地地域と合意形成,問い,原子力,○,,,,立地地域との合意をどう形成するか,案,吉永,2026-09-13,
nuc.cost,コストと事業環境,問い,原子力,,,○,,投資回収の予見性をどう確保するか,案,吉永,2026-09-13,
nuc.hr,人材・技術基盤,問い,原子力,,○,,,人材と産業基盤をどう維持するか,案,吉永,2026-09-13,
nuc.risk,国民理解・対話,問い,原子力,○,,,,リスクをどう伝え、どう聞くか,案,吉永,2026-09-13,
re,再生可能エネルギー,対象,電源・技術,,,,,再エネをどこまで主力化するか,案,吉永,2026-09-13,
re.grid,出力変動・系統,問い,再生可能エネルギー,,○,,,変動と系統制約にどう対処するか,案,吉永,2026-09-13,
re.site,立地・環境影響,問い,再生可能エネルギー,,,,○,地域との共生をどう図るか,案,吉永,2026-09-13,
re.cost,賦課金・コスト,問い,再生可能エネルギー,,,○,,国民負担をどう抑えるか,案,吉永,2026-09-13,
thermal,火力と脱炭素化,対象,電源・技術,,,,,火力の役割と転換をどう設計するか,案,吉永,2026-09-13,
thermal.lng,LNG 調達,問い,火力と脱炭素化,,○,,,長期契約と柔軟性をどう両立するか,案,吉永,2026-09-13,
thermal.ccs,CCS・燃料転換,問い,火力と脱炭素化,,,○,○,転換技術に投資するか,案,吉永,2026-09-13,
h2,水素・アンモニア,対象,電源・技術,,,,,水素系燃料をどう位置づけるか,案,吉永,2026-09-13,
h2.chain,供給網とコスト,問い,水素・アンモニア,,○,○,,供給網をどう構築するか,案,吉永,2026-09-13,
grid,送配電・蓄電,対象,電源・技術,,,,,系統と蓄電をどう整備するか,案,吉永,2026-09-13,
grid.inv,系統投資と費用負担,問い,送配電・蓄電,,○,○,,誰がどう負担するか,案,吉永,2026-09-13,
demand,需要側,テーマ,エネルギー,,,,,需要側で何ができるか,案,吉永,2026-09-13,
demand.save,省エネ・電化,問い,需要側,,,○,○,省エネと電化をどう進めるか,案,吉永,2026-09-13,
demand.ind,産業立地・DC,問い,需要側,,○,○,,データセンター等の新規需要をどう見るか,案,吉永,2026-09-13,
demand.behavior,生活者の行動,問い,需要側,,,,○,行動変容をどう促すか,案,吉永,2026-09-13,