属性（エネルギーに対する立場）,説明,集約先（任意）,並び順,有効
需要家（家庭・生活者）,家庭で電気・ガス等を使う立場。電気料金や暮らしへの影響から考える,個人,1,○
需要家（産業・業務）,工場・オフィス・店舗などで使う立場。コスト、立地、脱炭素の要請から考える,企業,2,○
生徒（中学・高校）,これからの社会を担う立場。授業や日常で感じることから考える（将来世代）,個人,3,○
学生（大学・大学院）,専門を学びつつ、就職や研究で関わる可能性のある立場（将来世代）,個人,4,○
供給主体（発電・小売）,発電・小売事業者。投資回収、規制、事業環境から考える,企業,5,○
供給主体（燃料・資源）,石油・ガス・ウラン等の調達や資源開発に関わる立場,企業,6,○
送配電・系統運用,系統の安定、接続、投資と費用負担から考える,企業,7,○
政策立案・行政,国・自治体の政策、規制、計画をつくる立場,国家,8,○
立地地域の住民・自治体,発電所や処分場の立地地域として関わる立場,個人,9,○
研究・教育・技術,研究者、技術者、教員。知見の提供と検証,—,10,○
金融・投資,融資・投資・保険。資金調達のリスクと機会から考える,企業,11,○
メディア・言論,報道、発信、世論形成に関わる立場,—,12,○
市民団体・NPO,環境・消費者・地域などの団体として関わる立場,個人,13,○
その他（自由記述）,上記に当てはまらない立場。補足欄に具体的に書く,—,14,○